Arrival_Hour,Jobs_Completed
2026-03-01 08:00:00,3
2026-03-01 09:00:00,3
2026-03-01 10:00:00,2
2026-03-01 11:00:00,3
2026-03-01 12:00:00,2
2026-03-01 13:00:00,2
2026-03-01 14:00:00,3
2026-03-01 15:00:00,2
2026-03-01 16:00:00,2
2026-03-01 17:00:00,3
2026-03-02 08:00:00,3
2026-03-02 09:00:00,2
2026-03-02 10:00:00,3
2026-03-02 11:00:00,2
2026-03-02 12:00:00,3
2026-03-02 13:00:00,2
2026-03-02 14:00:00,3
2026-03-02 15:00:00,2
2026-03-02 16:00:00,3
2026-03-02 17:00:00,2
2026-03-03 08:00:00,3
2026-03-03 09:00:00,2
2026-03-03 10:00:00,3
2026-03-03 11:00:00,2
2026-03-03 12:00:00,3
2026-03-03 13:00:00,2
2026-03-03 14:00:00,3
2026-03-03 15:00:00,2
2026-03-03 16:00:00,3
2026-03-03 17:00:00,2
2026-03-04 08:00:00,3
2026-03-04 09:00:00,2
2026-03-04 10:00:00,3
2026-03-04 11:00:00,2
2026-03-04 12:00:00,3
2026-03-04 13:00:00,2
2026-03-04 14:00:00,3
2026-03-04 15:00:00,2
2026-03-04 16:00:00,3
2026-03-04 17:00:00,2
2026-03-05 08:00:00,3
2026-03-05 09:00:00,2
2026-03-05 10:00:00,3
2026-03-05 11:00:00,2
2026-03-05 12:00:00,3
2026-03-05 13:00:00,2
2026-03-05 14:00:00,3
2026-03-05 15:00:00,2
2026-03-05 16:00:00,3
2026-03-05 17:00:00,2
2026-03-06 08:00:00,3
2026-03-06 09:00:00,2
2026-03-06 10:00:00,3
2026-03-06 11:00:00,2
2026-03-06 12:00:00,3
2026-03-06 13:00:00,2
2026-03-06 14:00:00,3
2026-03-06 15:00:00,2
2026-03-06 16:00:00,3
2026-03-06 17:00:00,2
2026-03-09 08:00:00,3
2026-03-09 09:00:00,2
2026-03-09 10:00:00,3
2026-03-09 11:00:00,2
2026-03-09 12:00:00,3
2026-03-09 13:00:00,2
2026-03-09 14:00:00,3
2026-03-09 15:00:00,2
2026-03-09 16:00:00,3
2026-03-09 17:00:00,2
2026-03-10 08:00:00,3
2026-03-10 09:00:00,2
2026-03-10 10:00:00,3
2026-03-10 11:00:00,2
2026-03-10 12:00:00,3
2026-03-10 13:00:00,2
2026-03-10 14:00:00,3
2026-03-10 15:00:00,2
2026-03-10 16:00:00,3
2026-03-10 17:00:00,2
2026-03-11 08:00:00,3
2026-03-11 09:00:00,2
2026-03-11 10:00:00,3
2026-03-11 11:00:00,2
2026-03-11 12:00:00,3
2026-03-11 13:00:00,2
2026-03-11 14:00:00,3
2026-03-11 15:00:00,2
2026-03-11 16:00:00,3
2026-03-11 17:00:00,2
2026-03-12 08:00:00,3
2026-03-12 09:00:00,2
2026-03-12 10:00:00,3
2026-03-12 11:00:00,2
2026-03-12 12:00:00,3
2026-03-12 13:00:00,2
2026-03-12 14:00:00,3
2026-03-12 15:00:00,2
2026-03-12 16:00:00,3
2026-03-12 17:00:00,2
2026-03-13 08:00:00,3
2026-03-13 09:00:00,2
2026-03-13 10:00:00,3
2026-03-13 11:00:00,2
2026-03-13 12:00:00,3
2026-03-13 13:00:00,2
2026-03-13 14:00:00,3
2026-03-13 15:00:00,2
2026-03-13 16:00:00,3
2026-03-13 17:00:00,2
2026-03-16 08:00:00,3
2026-03-16 09:00:00,2
2026-03-16 10:00:00,3
2026-03-16 11:00:00,2
2026-03-16 12:00:00,3
2026-03-16 13:00:00,2
2026-03-16 14:00:00,3
2026-03-16 15:00:00,2
2026-03-16 16:00:00,3
2026-03-16 17:00:00,2
2026-03-17 08:00:00,3
2026-03-17 09:00:00,2
2026-03-17 10:00:00,3
2026-03-17 11:00:00,2
2026-03-17 12:00:00,3
2026-03-17 13:00:00,2
2026-03-17 14:00:00,3
2026-03-17 15:00:00,2
2026-03-17 16:00:00,3
2026-03-17 17:00:00,2
2026-03-18 08:00:00,3
2026-03-18 09:00:00,2
2026-03-18 10:00:00,3
2026-03-18 11:00:00,2
2026-03-18 12:00:00,3
2026-03-18 13:00:00,2
2026-03-18 14:00:00,3
2026-03-18 15:00:00,2
2026-03-18 16:00:00,3
2026-03-18 17:00:00,2
