Job_ID,Batch_Quantity,Arrival_Timestamp,S1_Wait_Min,S1_Service_Min,S2_Wait_Min,S2_Service_Min,S3_Wait_Min,S3_Service_Min,S4_Wait_Min,S4_Service_Min,Total_Wait_Min,Total_Service_Min,Total_Flow_Min,Scrap_Pct,Inter_Arrival_Min,Calculated_Wait_Min,Calculated_Service_Min,Calculated_Flow_Min,Wait_Error,Service_Error,Flow_Error,Batch_Group,Arrival_Hour
1,8542,2026-03-01 08:00:00,5,89,12,74,8,91,3,18,28,272,300,1.42,0.0,28,272,300,0,0,0,"(8000.0, 9600.0]",2026-03-01 08:00:00
2,3210,2026-03-01 08:24:00,3,35,7,28,4,38,2,12,16,113,129,2.15,24.0,16,113,129,0,0,0,"(2099.999, 3680.0]",2026-03-01 08:00:00
3,6400,2026-03-01 08:51:00,8,67,14,58,11,72,5,22,38,219,257,0.88,27.0,38,219,257,0,0,0,"(5255.0, 8000.0]",2026-03-01 08:00:00
4,9120,2026-03-01 09:18:00,11,96,16,81,14,103,6,24,47,304,351,3.1,27.0,47,304,351,0,0,0,"(8000.0, 9600.0]",2026-03-01 09:00:00
5,4500,2026-03-01 09:35:00,4,48,9,40,6,51,2,15,21,154,175,1.75,17.0,21,154,175,0,0,0,"(3680.0, 5255.0]",2026-03-01 09:00:00
6,2800,2026-03-01 09:52:00,2,29,5,25,3,32,1,11,11,97,108,1.2,17.0,11,97,108,0,0,0,"(2099.999, 3680.0]",2026-03-01 09:00:00
7,7300,2026-03-01 10:15:00,9,75,11,63,9,80,4,19,33,237,270,2.45,23.0,33,237,270,0,0,0,"(5255.0, 8000.0]",2026-03-01 10:00:00
8,5100,2026-03-01 10:38:00,6,53,10,45,7,58,3,16,26,172,198,0.95,23.0,26,172,198,0,0,0,"(3680.0, 5255.0]",2026-03-01 10:00:00
9,3900,2026-03-01 11:02:00,4,41,8,34,5,44,2,14,19,133,152,1.8,24.0,19,133,152,0,0,0,"(3680.0, 5255.0]",2026-03-01 11:00:00
10,8800,2026-03-01 11:29:00,10,91,15,77,13,98,5,23,43,289,332,2.9,27.0,43,289,332,0,0,0,"(8000.0, 9600.0]",2026-03-01 11:00:00
11,6100,2026-03-01 11:55:00,7,63,11,53,8,69,4,17,30,202,232,1.35,26.0,30,202,232,0,0,0,"(5255.0, 8000.0]",2026-03-01 11:00:00
12,4200,2026-03-01 12:18:00,5,44,8,37,6,47,2,13,21,141,162,2.05,23.0,21,141,162,0,0,0,"(3680.0, 5255.0]",2026-03-01 12:00:00
13,7600,2026-03-01 12:45:00,8,79,13,67,10,84,4,20,35,250,285,1.15,27.0,35,250,285,0,0,0,"(5255.0, 8000.0]",2026-03-01 12:00:00
14,2400,2026-03-01 13:10:00,2,25,4,21,3,27,1,10,10,83,93,0.7,25.0,10,83,93,0,0,0,"(2099.999, 3680.0]",2026-03-01 13:00:00
15,9500,2026-03-01 13:36:00,12,100,18,85,15,108,7,25,52,318,370,3.3,26.0,52,318,370,0,0,0,"(8000.0, 9600.0]",2026-03-01 13:00:00
16,3100,2026-03-01 14:02:00,3,33,6,27,4,36,2,12,15,108,123,1.1,26.0,15,108,123,0,0,0,"(2099.999, 3680.0]",2026-03-01 14:00:00
17,5800,2026-03-01 14:28:00,7,60,11,51,8,65,4,16,30,192,222,1.9,26.0,30,192,222,0,0,0,"(5255.0, 8000.0]",2026-03-01 14:00:00
18,8200,2026-03-01 14:55:00,10,86,14,72,12,93,5,21,41,272,313,2.6,27.0,41,272,313,0,0,0,"(8000.0, 9600.0]",2026-03-01 14:00:00
19,4100,2026-03-01 15:20:00,4,43,8,36,5,46,2,13,19,138,157,1.25,25.0,19,138,157,0,0,0,"(3680.0, 5255.0]",2026-03-01 15:00:00
20,6700,2026-03-01 15:45:00,8,70,12,59,9,75,4,18,33,222,255,2.1,25.0,33,222,255,0,0,0,"(5255.0, 8000.0]",2026-03-01 15:00:00
21,2900,2026-03-01 16:10:00,2,30,5,26,3,33,1,11,11,100,111,0.85,25.0,11,100,111,0,0,0,"(2099.999, 3680.0]",2026-03-01 16:00:00
22,9300,2026-03-01 16:35:00,11,98,17,83,14,105,6,24,48,310,358,3.2,25.0,48,310,358,0,0,0,"(8000.0, 9600.0]",2026-03-01 16:00:00
23,5400,2026-03-01 17:00:00,6,56,10,47,7,61,3,15,26,179,205,1.5,25.0,26,179,205,0,0,0,"(5255.0, 8000.0]",2026-03-01 17:00:00
24,3600,2026-03-01 17:25:00,3,38,7,32,4,41,2,13,16,124,140,1.05,25.0,16,124,140,0,0,0,"(2099.999, 3680.0]",2026-03-01 17:00:00
25,7800,2026-03-01 17:50:00,9,81,13,68,10,87,4,20,36,256,292,2.35,25.0,36,256,292,0,0,0,"(5255.0, 8000.0]",2026-03-01 17:00:00
26,4900,2026-03-02 08:00:00,5,51,9,43,6,55,3,15,23,164,187,1.4,850.0,23,164,187,0,0,0,"(3680.0, 5255.0]",2026-03-02 08:00:00
27,2200,2026-03-02 08:22:00,2,23,4,19,3,25,1,10,10,77,87,0.65,22.0,10,77,87,0,0,0,"(2099.999, 3680.0]",2026-03-02 08:00:00
28,8700,2026-03-02 08:48:00,10,90,15,76,13,97,5,22,43,285,328,2.8,26.0,43,285,328,0,0,0,"(8000.0, 9600.0]",2026-03-02 08:00:00
29,6000,2026-03-02 09:12:00,7,62,11,52,8,68,4,17,30,199,229,1.7,24.0,30,199,229,0,0,0,"(5255.0, 8000.0]",2026-03-02 09:00:00
30,4300,2026-03-02 09:35:00,4,45,8,38,6,48,2,14,20,145,165,1.15,23.0,20,145,165,0,0,0,"(3680.0, 5255.0]",2026-03-02 09:00:00
31,7500,2026-03-02 10:00:00,8,78,13,66,10,83,4,19,35,246,281,2.2,25.0,35,246,281,0,0,0,"(5255.0, 8000.0]",2026-03-02 10:00:00
32,3300,2026-03-02 10:25:00,3,35,6,29,4,37,2,12,15,113,128,0.95,25.0,15,113,128,0,0,0,"(2099.999, 3680.0]",2026-03-02 10:00:00
33,9100,2026-03-02 10:50:00,11,95,16,80,14,102,6,23,47,300,347,3.05,25.0,47,300,347,0,0,0,"(8000.0, 9600.0]",2026-03-02 10:00:00
34,5200,2026-03-02 11:15:00,6,54,10,46,7,59,3,16,26,175,201,1.6,25.0,26,175,201,0,0,0,"(3680.0, 5255.0]",2026-03-02 11:00:00
35,2700,2026-03-02 11:38:00,2,28,5,24,3,31,1,11,11,94,105,0.8,23.0,11,94,105,0,0,0,"(2099.999, 3680.0]",2026-03-02 11:00:00
36,8000,2026-03-02 12:02:00,9,83,14,70,11,89,5,21,39,263,302,2.5,24.0,39,263,302,0,0,0,"(5255.0, 8000.0]",2026-03-02 12:00:00
37,4600,2026-03-02 12:28:00,5,48,9,40,6,52,3,15,23,155,178,1.3,26.0,23,155,178,0,0,0,"(3680.0, 5255.0]",2026-03-02 12:00:00
38,6300,2026-03-02 12:52:00,7,66,12,55,9,71,4,18,32,210,242,1.85,24.0,32,210,242,0,0,0,"(5255.0, 8000.0]",2026-03-02 12:00:00
39,3800,2026-03-02 13:16:00,4,40,7,33,5,43,2,13,18,129,147,1.0,24.0,18,129,147,0,0,0,"(3680.0, 5255.0]",2026-03-02 13:00:00
40,8900,2026-03-02 13:40:00,10,93,15,78,13,100,5,23,43,294,337,2.95,24.0,43,294,337,0,0,0,"(8000.0, 9600.0]",2026-03-02 13:00:00
41,5600,2026-03-02 14:05:00,6,58,11,49,8,63,3,16,28,186,214,1.65,25.0,28,186,214,0,0,0,"(5255.0, 8000.0]",2026-03-02 14:00:00
42,2500,2026-03-02 14:28:00,2,26,4,22,3,28,1,10,10,86,96,0.75,23.0,10,86,96,0,0,0,"(2099.999, 3680.0]",2026-03-02 14:00:00
43,7200,2026-03-02 14:52:00,8,75,12,63,9,80,4,19,33,237,270,2.15,24.0,33,237,270,0,0,0,"(5255.0, 8000.0]",2026-03-02 14:00:00
44,4000,2026-03-02 15:15:00,4,42,8,35,5,45,2,13,19,135,154,1.1,23.0,19,135,154,0,0,0,"(3680.0, 5255.0]",2026-03-02 15:00:00
45,9600,2026-03-02 15:40:00,12,101,18,86,15,109,7,25,52,321,373,3.35,25.0,52,321,373,0,0,0,"(8000.0, 9600.0]",2026-03-02 15:00:00
46,3000,2026-03-02 16:05:00,3,31,5,26,4,34,1,11,13,102,115,0.9,25.0,13,102,115,0,0,0,"(2099.999, 3680.0]",2026-03-02 16:00:00
47,6500,2026-03-02 16:30:00,8,68,12,57,9,73,4,18,33,216,249,1.95,25.0,33,216,249,0,0,0,"(5255.0, 8000.0]",2026-03-02 16:00:00
48,4800,2026-03-02 16:55:00,5,50,9,42,6,54,3,15,23,161,184,1.35,25.0,23,161,184,0,0,0,"(3680.0, 5255.0]",2026-03-02 16:00:00
49,8400,2026-03-02 17:20:00,10,88,14,74,12,95,5,22,41,279,320,2.7,25.0,41,279,320,0,0,0,"(8000.0, 9600.0]",2026-03-02 17:00:00
50,2100,2026-03-02 17:45:00,2,22,4,18,2,24,1,10,9,74,83,0.6,25.0,9,74,83,0,0,0,"(2099.999, 3680.0]",2026-03-02 17:00:00
51,7000,2026-03-03 08:00:00,8,73,12,61,9,78,4,18,33,230,263,2.05,855.0,33,230,263,0,0,0,"(5255.0, 8000.0]",2026-03-03 08:00:00
52,3500,2026-03-03 08:24:00,3,37,7,31,4,40,2,13,16,121,137,1.0,24.0,16,121,137,0,0,0,"(2099.999, 3680.0]",2026-03-03 08:00:00
53,9000,2026-03-03 08:49:00,11,94,16,79,14,101,6,23,47,297,344,3.0,25.0,47,297,344,0,0,0,"(8000.0, 9600.0]",2026-03-03 08:00:00
54,5300,2026-03-03 09:14:00,6,55,10,46,7,60,3,16,26,177,203,1.55,25.0,26,177,203,0,0,0,"(5255.0, 8000.0]",2026-03-03 09:00:00
55,2600,2026-03-03 09:38:00,2,27,4,23,3,30,1,11,10,91,101,0.8,24.0,10,91,101,0,0,0,"(2099.999, 3680.0]",2026-03-03 09:00:00
56,8100,2026-03-03 10:02:00,9,85,14,71,11,91,5,21,39,268,307,2.55,24.0,39,268,307,0,0,0,"(8000.0, 9600.0]",2026-03-03 10:00:00
57,4400,2026-03-03 10:26:00,4,46,8,39,6,49,2,14,20,148,168,1.2,24.0,20,148,168,0,0,0,"(3680.0, 5255.0]",2026-03-03 10:00:00
58,6200,2026-03-03 10:50:00,7,65,11,54,9,70,4,17,31,206,237,1.8,24.0,31,206,237,0,0,0,"(5255.0, 8000.0]",2026-03-03 10:00:00
59,3700,2026-03-03 11:15:00,4,39,7,32,5,42,2,13,18,126,144,1.05,25.0,18,126,144,0,0,0,"(3680.0, 5255.0]",2026-03-03 11:00:00
60,8600,2026-03-03 11:39:00,10,90,15,75,12,96,5,22,42,283,325,2.75,24.0,42,283,325,0,0,0,"(8000.0, 9600.0]",2026-03-03 11:00:00
61,5000,2026-03-03 12:02:00,5,52,9,44,6,56,3,15,23,167,190,1.45,23.0,23,167,190,0,0,0,"(3680.0, 5255.0]",2026-03-03 12:00:00
62,2300,2026-03-03 12:25:00,2,24,4,20,3,26,1,10,10,80,90,0.7,23.0,10,80,90,0,0,0,"(2099.999, 3680.0]",2026-03-03 12:00:00
63,7700,2026-03-03 12:49:00,9,80,13,67,10,86,4,20,36,253,289,2.3,24.0,36,253,289,0,0,0,"(5255.0, 8000.0]",2026-03-03 12:00:00
64,4150,2026-03-03 13:14:00,4,43,8,36,5,46,2,13,19,138,157,1.15,25.0,19,138,157,0,0,0,"(3680.0, 5255.0]",2026-03-03 13:00:00
65,9400,2026-03-03 13:38:00,12,99,17,84,15,106,6,24,50,313,363,3.25,24.0,50,313,363,0,0,0,"(8000.0, 9600.0]",2026-03-03 13:00:00
66,2950,2026-03-03 14:02:00,3,31,5,26,3,33,1,11,12,101,113,0.85,24.0,12,101,113,0,0,0,"(2099.999, 3680.0]",2026-03-03 14:00:00
67,6600,2026-03-03 14:26:00,8,69,12,58,9,74,4,18,33,219,252,2.0,24.0,33,219,252,0,0,0,"(5255.0, 8000.0]",2026-03-03 14:00:00
68,4700,2026-03-03 14:50:00,5,49,9,41,6,53,3,15,23,158,181,1.3,24.0,23,158,181,0,0,0,"(3680.0, 5255.0]",2026-03-03 14:00:00
69,8300,2026-03-03 15:15:00,10,87,14,73,12,94,5,21,41,275,316,2.65,25.0,41,275,316,0,0,0,"(8000.0, 9600.0]",2026-03-03 15:00:00
70,2250,2026-03-03 15:40:00,2,23,4,19,3,25,1,10,10,77,87,0.65,25.0,10,77,87,0,0,0,"(2099.999, 3680.0]",2026-03-03 15:00:00
71,7100,2026-03-03 16:04:00,8,74,12,62,9,79,4,19,33,234,267,2.1,24.0,33,234,267,0,0,0,"(5255.0, 8000.0]",2026-03-03 16:00:00
72,3400,2026-03-03 16:28:00,3,36,6,30,4,38,2,12,15,116,131,0.95,24.0,15,116,131,0,0,0,"(2099.999, 3680.0]",2026-03-03 16:00:00
73,9200,2026-03-03 16:52:00,11,97,17,82,14,104,6,24,48,307,355,3.15,24.0,48,307,355,0,0,0,"(8000.0, 9600.0]",2026-03-03 16:00:00
74,5500,2026-03-03 17:16:00,6,57,10,48,7,62,3,16,26,183,209,1.65,24.0,26,183,209,0,0,0,"(5255.0, 8000.0]",2026-03-03 17:00:00
75,2850,2026-03-03 17:40:00,2,29,5,25,3,32,1,11,11,97,108,0.85,24.0,11,97,108,0,0,0,"(2099.999, 3680.0]",2026-03-03 17:00:00
76,7900,2026-03-04 08:00:00,9,82,13,69,11,88,5,21,38,260,298,2.4,860.0,38,260,298,0,0,0,"(5255.0, 8000.0]",2026-03-04 08:00:00
77,4550,2026-03-04 08:24:00,5,47,9,40,6,51,2,14,22,152,174,1.25,24.0,22,152,174,0,0,0,"(3680.0, 5255.0]",2026-03-04 08:00:00
78,6400,2026-03-04 08:48:00,7,67,12,56,9,72,4,18,32,213,245,1.9,24.0,32,213,245,0,0,0,"(5255.0, 8000.0]",2026-03-04 08:00:00
79,3750,2026-03-04 09:12:00,4,39,7,33,5,42,2,13,18,127,145,1.0,24.0,18,127,145,0,0,0,"(3680.0, 5255.0]",2026-03-04 09:00:00
80,8750,2026-03-04 09:36:00,10,91,15,77,13,98,5,23,43,289,332,2.85,24.0,43,289,332,0,0,0,"(8000.0, 9600.0]",2026-03-04 09:00:00
81,5150,2026-03-04 10:00:00,6,54,10,45,7,58,3,16,26,173,199,1.5,24.0,26,173,199,0,0,0,"(3680.0, 5255.0]",2026-03-04 10:00:00
82,2350,2026-03-04 10:24:00,2,24,4,20,3,26,1,10,10,80,90,0.7,24.0,10,80,90,0,0,0,"(2099.999, 3680.0]",2026-03-04 10:00:00
83,7650,2026-03-04 10:48:00,9,80,13,67,10,85,4,20,36,252,288,2.3,24.0,36,252,288,0,0,0,"(5255.0, 8000.0]",2026-03-04 10:00:00
84,4050,2026-03-04 11:12:00,4,42,8,35,5,45,2,13,19,135,154,1.1,24.0,19,135,154,0,0,0,"(3680.0, 5255.0]",2026-03-04 11:00:00
85,9550,2026-03-04 11:36:00,12,100,18,85,15,108,7,25,52,318,370,3.3,24.0,52,318,370,0,0,0,"(8000.0, 9600.0]",2026-03-04 11:00:00
86,3050,2026-03-04 12:00:00,3,32,5,27,3,34,1,11,12,104,116,0.9,24.0,12,104,116,0,0,0,"(2099.999, 3680.0]",2026-03-04 12:00:00
87,6550,2026-03-04 12:24:00,8,68,12,57,9,73,4,18,33,216,249,1.95,24.0,33,216,249,0,0,0,"(5255.0, 8000.0]",2026-03-04 12:00:00
88,4850,2026-03-04 12:48:00,5,51,9,42,6,54,3,15,23,162,185,1.35,24.0,23,162,185,0,0,0,"(3680.0, 5255.0]",2026-03-04 12:00:00
89,8350,2026-03-04 13:12:00,10,87,14,73,12,94,5,21,41,275,316,2.65,24.0,41,275,316,0,0,0,"(8000.0, 9600.0]",2026-03-04 13:00:00
90,2150,2026-03-04 13:36:00,2,22,4,18,2,24,1,10,9,74,83,0.6,24.0,9,74,83,0,0,0,"(2099.999, 3680.0]",2026-03-04 13:00:00
91,7050,2026-03-04 14:00:00,8,73,12,61,9,78,4,18,33,230,263,2.05,24.0,33,230,263,0,0,0,"(5255.0, 8000.0]",2026-03-04 14:00:00
92,3450,2026-03-04 14:24:00,3,36,6,30,4,38,2,12,15,116,131,0.95,24.0,15,116,131,0,0,0,"(2099.999, 3680.0]",2026-03-04 14:00:00
93,9150,2026-03-04 14:48:00,11,96,16,80,14,102,6,23,47,301,348,3.1,24.0,47,301,348,0,0,0,"(8000.0, 9600.0]",2026-03-04 14:00:00
94,5250,2026-03-04 15:12:00,6,55,10,46,7,59,3,16,26,176,202,1.6,24.0,26,176,202,0,0,0,"(3680.0, 5255.0]",2026-03-04 15:00:00
95,2650,2026-03-04 15:36:00,2,27,4,23,3,30,1,11,10,91,101,0.8,24.0,10,91,101,0,0,0,"(2099.999, 3680.0]",2026-03-04 15:00:00
96,8050,2026-03-04 16:00:00,9,84,14,70,11,90,5,21,39,265,304,2.5,24.0,39,265,304,0,0,0,"(8000.0, 9600.0]",2026-03-04 16:00:00
97,4450,2026-03-04 16:24:00,4,46,8,39,6,50,2,14,20,149,169,1.2,24.0,20,149,169,0,0,0,"(3680.0, 5255.0]",2026-03-04 16:00:00
98,6250,2026-03-04 16:48:00,7,65,11,55,9,70,4,17,31,207,238,1.8,24.0,31,207,238,0,0,0,"(5255.0, 8000.0]",2026-03-04 16:00:00
99,3650,2026-03-04 17:12:00,3,38,7,32,4,41,2,13,16,124,140,1.05,24.0,16,124,140,0,0,0,"(2099.999, 3680.0]",2026-03-04 17:00:00
100,8550,2026-03-04 17:36:00,10,89,15,75,12,96,5,22,42,282,324,2.75,24.0,42,282,324,0,0,0,"(8000.0, 9600.0]",2026-03-04 17:00:00
101,4950,2026-03-05 08:00:00,5,51,9,43,6,55,3,15,23,164,187,1.4,864.0,23,164,187,0,0,0,"(3680.0, 5255.0]",2026-03-05 08:00:00
102,2380,2026-03-05 08:24:00,2,24,4,20,3,26,1,10,10,80,90,0.7,24.0,10,80,90,0,0,0,"(2099.999, 3680.0]",2026-03-05 08:00:00
103,8820,2026-03-05 08:48:00,10,92,15,77,13,99,5,23,43,291,334,2.85,24.0,43,291,334,0,0,0,"(8000.0, 9600.0]",2026-03-05 08:00:00
104,6050,2026-03-05 09:12:00,7,63,11,53,8,68,4,17,30,201,231,1.75,24.0,30,201,231,0,0,0,"(5255.0, 8000.0]",2026-03-05 09:00:00
105,4250,2026-03-05 09:36:00,4,44,8,37,6,47,2,13,20,141,161,1.15,24.0,20,141,161,0,0,0,"(3680.0, 5255.0]",2026-03-05 09:00:00
106,7550,2026-03-05 10:00:00,8,79,13,66,10,84,4,20,35,249,284,2.25,24.0,35,249,284,0,0,0,"(5255.0, 8000.0]",2026-03-05 10:00:00
107,3250,2026-03-05 10:24:00,3,34,6,28,4,36,2,12,15,110,125,0.9,24.0,15,110,125,0,0,0,"(2099.999, 3680.0]",2026-03-05 10:00:00
108,9180,2026-03-05 10:48:00,11,96,16,81,14,103,6,24,47,304,351,3.1,24.0,47,304,351,0,0,0,"(8000.0, 9600.0]",2026-03-05 10:00:00
109,5280,2026-03-05 11:12:00,6,55,10,46,7,59,3,16,26,176,202,1.6,24.0,26,176,202,0,0,0,"(5255.0, 8000.0]",2026-03-05 11:00:00
110,2680,2026-03-05 11:36:00,2,28,4,23,3,30,1,11,10,92,102,0.8,24.0,10,92,102,0,0,0,"(2099.999, 3680.0]",2026-03-05 11:00:00
111,8080,2026-03-05 12:00:00,9,84,14,71,11,90,5,21,39,266,305,2.5,24.0,39,266,305,0,0,0,"(8000.0, 9600.0]",2026-03-05 12:00:00
112,4480,2026-03-05 12:24:00,4,47,8,39,6,50,2,14,20,150,170,1.2,24.0,20,150,170,0,0,0,"(3680.0, 5255.0]",2026-03-05 12:00:00
113,6280,2026-03-05 12:48:00,7,65,11,55,9,70,4,17,31,207,238,1.8,24.0,31,207,238,0,0,0,"(5255.0, 8000.0]",2026-03-05 12:00:00
114,3680,2026-03-05 13:12:00,3,38,7,32,4,41,2,13,16,124,140,1.05,24.0,16,124,140,0,0,0,"(2099.999, 3680.0]",2026-03-05 13:00:00
115,8580,2026-03-05 13:36:00,10,89,15,75,12,96,5,22,42,282,324,2.75,24.0,42,282,324,0,0,0,"(8000.0, 9600.0]",2026-03-05 13:00:00
116,4980,2026-03-05 14:00:00,5,52,9,43,6,55,3,15,23,165,188,1.4,24.0,23,165,188,0,0,0,"(3680.0, 5255.0]",2026-03-05 14:00:00
117,2410,2026-03-05 14:24:00,2,25,4,21,3,27,1,10,10,83,93,0.7,24.0,10,83,93,0,0,0,"(2099.999, 3680.0]",2026-03-05 14:00:00
118,8850,2026-03-05 14:48:00,10,92,15,77,13,99,5,23,43,291,334,2.85,24.0,43,291,334,0,0,0,"(8000.0, 9600.0]",2026-03-05 14:00:00
119,6080,2026-03-05 15:12:00,7,63,11,53,8,68,4,17,30,201,231,1.75,24.0,30,201,231,0,0,0,"(5255.0, 8000.0]",2026-03-05 15:00:00
120,4280,2026-03-05 15:36:00,4,44,8,37,6,47,2,13,20,141,161,1.15,24.0,20,141,161,0,0,0,"(3680.0, 5255.0]",2026-03-05 15:00:00
121,7580,2026-03-05 16:00:00,8,79,13,66,10,84,4,20,35,249,284,2.25,24.0,35,249,284,0,0,0,"(5255.0, 8000.0]",2026-03-05 16:00:00
122,3280,2026-03-05 16:24:00,3,34,6,28,4,36,2,12,15,110,125,0.9,24.0,15,110,125,0,0,0,"(2099.999, 3680.0]",2026-03-05 16:00:00
123,9210,2026-03-05 16:48:00,11,96,16,81,14,103,6,24,47,304,351,3.1,24.0,47,304,351,0,0,0,"(8000.0, 9600.0]",2026-03-05 16:00:00
124,5310,2026-03-05 17:12:00,6,55,10,46,7,59,3,16,26,176,202,1.6,24.0,26,176,202,0,0,0,"(5255.0, 8000.0]",2026-03-05 17:00:00
125,2710,2026-03-05 17:36:00,2,28,4,23,3,30,1,11,10,92,102,0.8,24.0,10,92,102,0,0,0,"(2099.999, 3680.0]",2026-03-05 17:00:00
126,8110,2026-03-06 08:00:00,9,84,14,71,11,90,5,21,39,266,305,2.5,864.0,39,266,305,0,0,0,"(8000.0, 9600.0]",2026-03-06 08:00:00
127,4510,2026-03-06 08:24:00,5,47,9,40,6,51,2,14,22,152,174,1.25,24.0,22,152,174,0,0,0,"(3680.0, 5255.0]",2026-03-06 08:00:00
128,6310,2026-03-06 08:48:00,7,66,12,55,9,71,4,18,32,210,242,1.85,24.0,32,210,242,0,0,0,"(5255.0, 8000.0]",2026-03-06 08:00:00
129,3710,2026-03-06 09:12:00,4,39,7,32,5,42,2,13,18,126,144,1.05,24.0,18,126,144,0,0,0,"(3680.0, 5255.0]",2026-03-06 09:00:00
130,8610,2026-03-06 09:36:00,10,90,15,75,12,96,5,22,42,283,325,2.75,24.0,42,283,325,0,0,0,"(8000.0, 9600.0]",2026-03-06 09:00:00
131,5010,2026-03-06 10:00:00,5,52,9,44,6,56,3,15,23,167,190,1.45,24.0,23,167,190,0,0,0,"(3680.0, 5255.0]",2026-03-06 10:00:00
132,2310,2026-03-06 10:24:00,2,24,4,20,3,26,1,10,10,80,90,0.7,24.0,10,80,90,0,0,0,"(2099.999, 3680.0]",2026-03-06 10:00:00
133,7710,2026-03-06 10:48:00,9,80,13,67,10,86,4,20,36,253,289,2.3,24.0,36,253,289,0,0,0,"(5255.0, 8000.0]",2026-03-06 10:00:00
134,4110,2026-03-06 11:12:00,4,43,8,36,5,46,2,13,19,138,157,1.15,24.0,19,138,157,0,0,0,"(3680.0, 5255.0]",2026-03-06 11:00:00
135,9410,2026-03-06 11:36:00,12,99,17,84,15,106,6,24,50,313,363,3.25,24.0,50,313,363,0,0,0,"(8000.0, 9600.0]",2026-03-06 11:00:00
136,2910,2026-03-06 12:00:00,3,31,5,26,3,33,1,11,12,101,113,0.85,24.0,12,101,113,0,0,0,"(2099.999, 3680.0]",2026-03-06 12:00:00
137,6510,2026-03-06 12:24:00,8,68,12,57,9,73,4,18,33,216,249,1.95,24.0,33,216,249,0,0,0,"(5255.0, 8000.0]",2026-03-06 12:00:00
138,4810,2026-03-06 12:48:00,5,50,9,42,6,54,3,15,23,161,184,1.35,24.0,23,161,184,0,0,0,"(3680.0, 5255.0]",2026-03-06 12:00:00
139,8310,2026-03-06 13:12:00,10,87,14,73,12,94,5,21,41,275,316,2.65,24.0,41,275,316,0,0,0,"(8000.0, 9600.0]",2026-03-06 13:00:00
140,2210,2026-03-06 13:36:00,2,23,4,19,3,25,1,10,10,77,87,0.65,24.0,10,77,87,0,0,0,"(2099.999, 3680.0]",2026-03-06 13:00:00
141,7060,2026-03-06 14:00:00,8,73,12,61,9,78,4,18,33,230,263,2.05,24.0,33,230,263,0,0,0,"(5255.0, 8000.0]",2026-03-06 14:00:00
142,3410,2026-03-06 14:24:00,3,36,6,30,4,38,2,12,15,116,131,0.95,24.0,15,116,131,0,0,0,"(2099.999, 3680.0]",2026-03-06 14:00:00
143,9110,2026-03-06 14:48:00,11,95,16,80,14,102,6,23,47,300,347,3.05,24.0,47,300,347,0,0,0,"(8000.0, 9600.0]",2026-03-06 14:00:00
144,5210,2026-03-06 15:12:00,6,54,10,46,7,59,3,16,26,175,201,1.6,24.0,26,175,201,0,0,0,"(3680.0, 5255.0]",2026-03-06 15:00:00
145,2610,2026-03-06 15:36:00,2,27,4,23,3,30,1,11,10,91,101,0.8,24.0,10,91,101,0,0,0,"(2099.999, 3680.0]",2026-03-06 15:00:00
146,8010,2026-03-06 16:00:00,9,83,14,70,11,89,5,21,39,263,302,2.5,24.0,39,263,302,0,0,0,"(8000.0, 9600.0]",2026-03-06 16:00:00
147,4410,2026-03-06 16:24:00,4,46,8,39,6,49,2,14,20,148,168,1.2,24.0,20,148,168,0,0,0,"(3680.0, 5255.0]",2026-03-06 16:00:00
148,6210,2026-03-06 16:48:00,7,65,11,54,9,70,4,17,31,206,237,1.8,24.0,31,206,237,0,0,0,"(5255.0, 8000.0]",2026-03-06 16:00:00
149,3610,2026-03-06 17:12:00,3,38,7,32,4,41,2,13,16,124,140,1.05,24.0,16,124,140,0,0,0,"(2099.999, 3680.0]",2026-03-06 17:00:00
150,8510,2026-03-06 17:36:00,10,89,15,75,12,96,5,22,42,282,324,2.75,24.0,42,282,324,0,0,0,"(8000.0, 9600.0]",2026-03-06 17:00:00
151,4910,2026-03-09 08:00:00,5,51,9,43,6,55,3,15,23,164,187,1.4,3744.0,23,164,187,0,0,0,"(3680.0, 5255.0]",2026-03-09 08:00:00
152,2340,2026-03-09 08:24:00,2,24,4,20,3,26,1,10,10,80,90,0.7,24.0,10,80,90,0,0,0,"(2099.999, 3680.0]",2026-03-09 08:00:00
153,8780,2026-03-09 08:48:00,10,91,15,77,13,98,5,23,43,289,332,2.85,24.0,43,289,332,0,0,0,"(8000.0, 9600.0]",2026-03-09 08:00:00
154,6010,2026-03-09 09:12:00,7,62,11,52,8,68,4,17,30,199,229,1.7,24.0,30,199,229,0,0,0,"(5255.0, 8000.0]",2026-03-09 09:00:00
155,4210,2026-03-09 09:36:00,4,44,8,37,6,47,2,13,20,141,161,1.15,24.0,20,141,161,0,0,0,"(3680.0, 5255.0]",2026-03-09 09:00:00
156,7510,2026-03-09 10:00:00,8,78,13,66,10,83,4,19,35,246,281,2.2,24.0,35,246,281,0,0,0,"(5255.0, 8000.0]",2026-03-09 10:00:00
157,3210,2026-03-09 10:24:00,3,33,6,27,4,36,2,12,15,108,123,0.9,24.0,15,108,123,0,0,0,"(2099.999, 3680.0]",2026-03-09 10:00:00
158,9140,2026-03-09 10:48:00,11,95,16,80,14,102,6,23,47,300,347,3.05,24.0,47,300,347,0,0,0,"(8000.0, 9600.0]",2026-03-09 10:00:00
159,5240,2026-03-09 11:12:00,6,55,10,46,7,59,3,16,26,176,202,1.6,24.0,26,176,202,0,0,0,"(3680.0, 5255.0]",2026-03-09 11:00:00
160,2640,2026-03-09 11:36:00,2,27,4,23,3,30,1,11,10,91,101,0.8,24.0,10,91,101,0,0,0,"(2099.999, 3680.0]",2026-03-09 11:00:00
161,8040,2026-03-09 12:00:00,9,84,14,70,11,90,5,21,39,265,304,2.5,24.0,39,265,304,0,0,0,"(8000.0, 9600.0]",2026-03-09 12:00:00
162,4440,2026-03-09 12:24:00,4,46,8,39,6,50,2,14,20,149,169,1.2,24.0,20,149,169,0,0,0,"(3680.0, 5255.0]",2026-03-09 12:00:00
163,6240,2026-03-09 12:48:00,7,65,11,55,9,70,4,17,31,207,238,1.8,24.0,31,207,238,0,0,0,"(5255.0, 8000.0]",2026-03-09 12:00:00
164,3640,2026-03-09 13:12:00,3,38,7,32,4,41,2,13,16,124,140,1.05,24.0,16,124,140,0,0,0,"(2099.999, 3680.0]",2026-03-09 13:00:00
165,8540,2026-03-09 13:36:00,10,89,15,75,12,96,5,22,42,282,324,2.75,24.0,42,282,324,0,0,0,"(8000.0, 9600.0]",2026-03-09 13:00:00
166,4940,2026-03-09 14:00:00,5,51,9,43,6,55,3,15,23,164,187,1.4,24.0,23,164,187,0,0,0,"(3680.0, 5255.0]",2026-03-09 14:00:00
167,2370,2026-03-09 14:24:00,2,24,4,20,3,26,1,10,10,80,90,0.7,24.0,10,80,90,0,0,0,"(2099.999, 3680.0]",2026-03-09 14:00:00
168,8810,2026-03-09 14:48:00,10,92,15,77,13,99,5,23,43,291,334,2.85,24.0,43,291,334,0,0,0,"(8000.0, 9600.0]",2026-03-09 14:00:00
169,6040,2026-03-09 15:12:00,7,63,11,53,8,68,4,17,30,201,231,1.75,24.0,30,201,231,0,0,0,"(5255.0, 8000.0]",2026-03-09 15:00:00
170,4240,2026-03-09 15:36:00,4,44,8,37,6,47,2,13,20,141,161,1.15,24.0,20,141,161,0,0,0,"(3680.0, 5255.0]",2026-03-09 15:00:00
171,7540,2026-03-09 16:00:00,8,79,13,66,10,84,4,20,35,249,284,2.25,24.0,35,249,284,0,0,0,"(5255.0, 8000.0]",2026-03-09 16:00:00
172,3240,2026-03-09 16:24:00,3,34,6,28,4,36,2,12,15,110,125,0.9,24.0,15,110,125,0,0,0,"(2099.999, 3680.0]",2026-03-09 16:00:00
173,9170,2026-03-09 16:48:00,11,96,16,81,14,103,6,24,47,304,351,3.1,24.0,47,304,351,0,0,0,"(8000.0, 9600.0]",2026-03-09 16:00:00
174,5270,2026-03-09 17:12:00,6,55,10,46,7,59,3,16,26,176,202,1.6,24.0,26,176,202,0,0,0,"(5255.0, 8000.0]",2026-03-09 17:00:00
175,2670,2026-03-09 17:36:00,2,28,4,23,3,30,1,11,10,92,102,0.8,24.0,10,92,102,0,0,0,"(2099.999, 3680.0]",2026-03-09 17:00:00
176,8070,2026-03-10 08:00:00,9,84,14,71,11,90,5,21,39,266,305,2.5,864.0,39,266,305,0,0,0,"(8000.0, 9600.0]",2026-03-10 08:00:00
177,4470,2026-03-10 08:24:00,4,47,8,39,6,50,2,14,20,150,170,1.2,24.0,20,150,170,0,0,0,"(3680.0, 5255.0]",2026-03-10 08:00:00
178,6270,2026-03-10 08:48:00,7,65,11,55,9,70,4,17,31,207,238,1.8,24.0,31,207,238,0,0,0,"(5255.0, 8000.0]",2026-03-10 08:00:00
179,3670,2026-03-10 09:12:00,3,38,7,32,4,41,2,13,16,124,140,1.05,24.0,16,124,140,0,0,0,"(2099.999, 3680.0]",2026-03-10 09:00:00
180,8570,2026-03-10 09:36:00,10,89,15,75,12,96,5,22,42,282,324,2.75,24.0,42,282,324,0,0,0,"(8000.0, 9600.0]",2026-03-10 09:00:00
181,4970,2026-03-10 10:00:00,5,52,9,43,6,55,3,15,23,165,188,1.4,24.0,23,165,188,0,0,0,"(3680.0, 5255.0]",2026-03-10 10:00:00
182,2400,2026-03-10 10:24:00,2,25,4,21,3,27,1,10,10,83,93,0.7,24.0,10,83,93,0,0,0,"(2099.999, 3680.0]",2026-03-10 10:00:00
183,8840,2026-03-10 10:48:00,10,92,15,77,13,99,5,23,43,291,334,2.85,24.0,43,291,334,0,0,0,"(8000.0, 9600.0]",2026-03-10 10:00:00
184,6070,2026-03-10 11:12:00,7,63,11,53,8,68,4,17,30,201,231,1.75,24.0,30,201,231,0,0,0,"(5255.0, 8000.0]",2026-03-10 11:00:00
185,4270,2026-03-10 11:36:00,4,44,8,37,6,47,2,13,20,141,161,1.15,24.0,20,141,161,0,0,0,"(3680.0, 5255.0]",2026-03-10 11:00:00
186,7570,2026-03-10 12:00:00,8,79,13,66,10,84,4,20,35,249,284,2.25,24.0,35,249,284,0,0,0,"(5255.0, 8000.0]",2026-03-10 12:00:00
187,3270,2026-03-10 12:24:00,3,34,6,28,4,36,2,12,15,110,125,0.9,24.0,15,110,125,0,0,0,"(2099.999, 3680.0]",2026-03-10 12:00:00
188,9200,2026-03-10 12:48:00,11,96,16,81,14,103,6,24,47,304,351,3.1,24.0,47,304,351,0,0,0,"(8000.0, 9600.0]",2026-03-10 12:00:00
189,5300,2026-03-10 13:12:00,6,55,10,46,7,59,3,16,26,176,202,1.6,24.0,26,176,202,0,0,0,"(5255.0, 8000.0]",2026-03-10 13:00:00
190,2700,2026-03-10 13:36:00,2,28,4,23,3,30,1,11,10,92,102,0.8,24.0,10,92,102,0,0,0,"(2099.999, 3680.0]",2026-03-10 13:00:00
191,8100,2026-03-10 14:00:00,9,84,14,71,11,90,5,21,39,266,305,2.5,24.0,39,266,305,0,0,0,"(8000.0, 9600.0]",2026-03-10 14:00:00
192,4500,2026-03-10 14:24:00,5,47,9,40,6,51,2,14,22,152,174,1.25,24.0,22,152,174,0,0,0,"(3680.0, 5255.0]",2026-03-10 14:00:00
193,6300,2026-03-10 14:48:00,7,66,12,55,9,71,4,18,32,210,242,1.85,24.0,32,210,242,0,0,0,"(5255.0, 8000.0]",2026-03-10 14:00:00
194,3700,2026-03-10 15:12:00,4,39,7,32,5,42,2,13,18,126,144,1.05,24.0,18,126,144,0,0,0,"(3680.0, 5255.0]",2026-03-10 15:00:00
195,8600,2026-03-10 15:36:00,10,90,15,75,12,96,5,22,42,283,325,2.75,24.0,42,283,325,0,0,0,"(8000.0, 9600.0]",2026-03-10 15:00:00
196,5000,2026-03-10 16:00:00,5,52,9,44,6,56,3,15,23,167,190,1.45,24.0,23,167,190,0,0,0,"(3680.0, 5255.0]",2026-03-10 16:00:00
197,2300,2026-03-10 16:24:00,2,24,4,20,3,26,1,10,10,80,90,0.7,24.0,10,80,90,0,0,0,"(2099.999, 3680.0]",2026-03-10 16:00:00
198,7700,2026-03-10 16:48:00,9,80,13,67,10,86,4,20,36,253,289,2.3,24.0,36,253,289,0,0,0,"(5255.0, 8000.0]",2026-03-10 16:00:00
199,4100,2026-03-10 17:12:00,4,43,8,36,5,46,2,13,19,138,157,1.15,24.0,19,138,157,0,0,0,"(3680.0, 5255.0]",2026-03-10 17:00:00
200,9400,2026-03-10 17:36:00,12,99,17,84,15,106,6,24,50,313,363,3.25,24.0,50,313,363,0,0,0,"(8000.0, 9600.0]",2026-03-10 17:00:00
201,2900,2026-03-11 08:00:00,3,31,5,26,3,33,1,11,12,101,113,0.85,864.0,12,101,113,0,0,0,"(2099.999, 3680.0]",2026-03-11 08:00:00
202,6500,2026-03-11 08:24:00,8,68,12,57,9,73,4,18,33,216,249,1.95,24.0,33,216,249,0,0,0,"(5255.0, 8000.0]",2026-03-11 08:00:00
203,4800,2026-03-11 08:48:00,5,50,9,42,6,54,3,15,23,161,184,1.35,24.0,23,161,184,0,0,0,"(3680.0, 5255.0]",2026-03-11 08:00:00
204,8300,2026-03-11 09:12:00,10,87,14,73,12,94,5,21,41,275,316,2.65,24.0,41,275,316,0,0,0,"(8000.0, 9600.0]",2026-03-11 09:00:00
205,2200,2026-03-11 09:36:00,2,23,4,19,3,25,1,10,10,77,87,0.65,24.0,10,77,87,0,0,0,"(2099.999, 3680.0]",2026-03-11 09:00:00
206,7050,2026-03-11 10:00:00,8,73,12,61,9,78,4,18,33,230,263,2.05,24.0,33,230,263,0,0,0,"(5255.0, 8000.0]",2026-03-11 10:00:00
207,3400,2026-03-11 10:24:00,3,36,6,30,4,38,2,12,15,116,131,0.95,24.0,15,116,131,0,0,0,"(2099.999, 3680.0]",2026-03-11 10:00:00
208,9100,2026-03-11 10:48:00,11,95,16,80,14,102,6,23,47,300,347,3.05,24.0,47,300,347,0,0,0,"(8000.0, 9600.0]",2026-03-11 10:00:00
209,5200,2026-03-11 11:12:00,6,54,10,46,7,59,3,16,26,175,201,1.6,24.0,26,175,201,0,0,0,"(3680.0, 5255.0]",2026-03-11 11:00:00
210,2600,2026-03-11 11:36:00,2,27,4,23,3,30,1,11,10,91,101,0.8,24.0,10,91,101,0,0,0,"(2099.999, 3680.0]",2026-03-11 11:00:00
211,8000,2026-03-11 12:00:00,9,83,14,70,11,89,5,21,39,263,302,2.5,24.0,39,263,302,0,0,0,"(5255.0, 8000.0]",2026-03-11 12:00:00
212,4400,2026-03-11 12:24:00,4,46,8,39,6,49,2,14,20,148,168,1.2,24.0,20,148,168,0,0,0,"(3680.0, 5255.0]",2026-03-11 12:00:00
213,6200,2026-03-11 12:48:00,7,65,11,54,9,70,4,17,31,206,237,1.8,24.0,31,206,237,0,0,0,"(5255.0, 8000.0]",2026-03-11 12:00:00
214,3600,2026-03-11 13:12:00,3,38,7,32,4,41,2,13,16,124,140,1.05,24.0,16,124,140,0,0,0,"(2099.999, 3680.0]",2026-03-11 13:00:00
215,8500,2026-03-11 13:36:00,10,89,15,75,12,96,5,22,42,282,324,2.75,24.0,42,282,324,0,0,0,"(8000.0, 9600.0]",2026-03-11 13:00:00
216,4900,2026-03-11 14:00:00,5,51,9,43,6,55,3,15,23,164,187,1.4,24.0,23,164,187,0,0,0,"(3680.0, 5255.0]",2026-03-11 14:00:00
217,2330,2026-03-11 14:24:00,2,24,4,20,3,26,1,10,10,80,90,0.7,24.0,10,80,90,0,0,0,"(2099.999, 3680.0]",2026-03-11 14:00:00
218,8770,2026-03-11 14:48:00,10,91,15,77,13,98,5,23,43,289,332,2.85,24.0,43,289,332,0,0,0,"(8000.0, 9600.0]",2026-03-11 14:00:00
219,6000,2026-03-11 15:12:00,7,62,11,52,8,68,4,17,30,199,229,1.7,24.0,30,199,229,0,0,0,"(5255.0, 8000.0]",2026-03-11 15:00:00
220,4200,2026-03-11 15:36:00,4,44,8,37,6,47,2,13,20,141,161,1.15,24.0,20,141,161,0,0,0,"(3680.0, 5255.0]",2026-03-11 15:00:00
221,7500,2026-03-11 16:00:00,8,78,13,66,10,83,4,19,35,246,281,2.2,24.0,35,246,281,0,0,0,"(5255.0, 8000.0]",2026-03-11 16:00:00
222,3200,2026-03-11 16:24:00,3,33,6,27,4,36,2,12,15,108,123,0.9,24.0,15,108,123,0,0,0,"(2099.999, 3680.0]",2026-03-11 16:00:00
223,9130,2026-03-11 16:48:00,11,95,16,80,14,102,6,23,47,300,347,3.05,24.0,47,300,347,0,0,0,"(8000.0, 9600.0]",2026-03-11 16:00:00
224,5230,2026-03-11 17:12:00,6,55,10,46,7,59,3,16,26,176,202,1.6,24.0,26,176,202,0,0,0,"(3680.0, 5255.0]",2026-03-11 17:00:00
225,2630,2026-03-11 17:36:00,2,27,4,23,3,30,1,11,10,91,101,0.8,24.0,10,91,101,0,0,0,"(2099.999, 3680.0]",2026-03-11 17:00:00
226,8030,2026-03-12 08:00:00,9,84,14,70,11,90,5,21,39,265,304,2.5,864.0,39,265,304,0,0,0,"(8000.0, 9600.0]",2026-03-12 08:00:00
227,4430,2026-03-12 08:24:00,4,46,8,39,6,50,2,14,20,149,169,1.2,24.0,20,149,169,0,0,0,"(3680.0, 5255.0]",2026-03-12 08:00:00
228,6230,2026-03-12 08:48:00,7,65,11,55,9,70,4,17,31,207,238,1.8,24.0,31,207,238,0,0,0,"(5255.0, 8000.0]",2026-03-12 08:00:00
229,3630,2026-03-12 09:12:00,3,38,7,32,4,41,2,13,16,124,140,1.05,24.0,16,124,140,0,0,0,"(2099.999, 3680.0]",2026-03-12 09:00:00
230,8530,2026-03-12 09:36:00,10,89,15,75,12,96,5,22,42,282,324,2.75,24.0,42,282,324,0,0,0,"(8000.0, 9600.0]",2026-03-12 09:00:00
231,4930,2026-03-12 10:00:00,5,51,9,43,6,55,3,15,23,164,187,1.4,24.0,23,164,187,0,0,0,"(3680.0, 5255.0]",2026-03-12 10:00:00
232,2360,2026-03-12 10:24:00,2,24,4,20,3,26,1,10,10,80,90,0.7,24.0,10,80,90,0,0,0,"(2099.999, 3680.0]",2026-03-12 10:00:00
233,8800,2026-03-12 10:48:00,10,92,15,77,13,99,5,23,43,291,334,2.85,24.0,43,291,334,0,0,0,"(8000.0, 9600.0]",2026-03-12 10:00:00
234,6030,2026-03-12 11:12:00,7,63,11,53,8,68,4,17,30,201,231,1.75,24.0,30,201,231,0,0,0,"(5255.0, 8000.0]",2026-03-12 11:00:00
235,4230,2026-03-12 11:36:00,4,44,8,37,6,47,2,13,20,141,161,1.15,24.0,20,141,161,0,0,0,"(3680.0, 5255.0]",2026-03-12 11:00:00
236,7530,2026-03-12 12:00:00,8,79,13,66,10,84,4,20,35,249,284,2.25,24.0,35,249,284,0,0,0,"(5255.0, 8000.0]",2026-03-12 12:00:00
237,3230,2026-03-12 12:24:00,3,34,6,28,4,36,2,12,15,110,125,0.9,24.0,15,110,125,0,0,0,"(2099.999, 3680.0]",2026-03-12 12:00:00
238,9160,2026-03-12 12:48:00,11,96,16,81,14,103,6,24,47,304,351,3.1,24.0,47,304,351,0,0,0,"(8000.0, 9600.0]",2026-03-12 12:00:00
239,5260,2026-03-12 13:12:00,6,55,10,46,7,59,3,16,26,176,202,1.6,24.0,26,176,202,0,0,0,"(5255.0, 8000.0]",2026-03-12 13:00:00
240,2660,2026-03-12 13:36:00,2,28,4,23,3,30,1,11,10,92,102,0.8,24.0,10,92,102,0,0,0,"(2099.999, 3680.0]",2026-03-12 13:00:00
241,8060,2026-03-12 14:00:00,9,84,14,71,11,90,5,21,39,266,305,2.5,24.0,39,266,305,0,0,0,"(8000.0, 9600.0]",2026-03-12 14:00:00
242,4460,2026-03-12 14:24:00,4,47,8,39,6,50,2,14,20,150,170,1.2,24.0,20,150,170,0,0,0,"(3680.0, 5255.0]",2026-03-12 14:00:00
243,6260,2026-03-12 14:48:00,7,65,11,55,9,70,4,17,31,207,238,1.8,24.0,31,207,238,0,0,0,"(5255.0, 8000.0]",2026-03-12 14:00:00
244,3660,2026-03-12 15:12:00,3,38,7,32,4,41,2,13,16,124,140,1.05,24.0,16,124,140,0,0,0,"(2099.999, 3680.0]",2026-03-12 15:00:00
245,8560,2026-03-12 15:36:00,10,89,15,75,12,96,5,22,42,282,324,2.75,24.0,42,282,324,0,0,0,"(8000.0, 9600.0]",2026-03-12 15:00:00
246,4960,2026-03-12 16:00:00,5,52,9,43,6,55,3,15,23,165,188,1.4,24.0,23,165,188,0,0,0,"(3680.0, 5255.0]",2026-03-12 16:00:00
247,2390,2026-03-12 16:24:00,2,25,4,21,3,27,1,10,10,83,93,0.7,24.0,10,83,93,0,0,0,"(2099.999, 3680.0]",2026-03-12 16:00:00
248,8830,2026-03-12 16:48:00,10,92,15,77,13,99,5,23,43,291,334,2.85,24.0,43,291,334,0,0,0,"(8000.0, 9600.0]",2026-03-12 16:00:00
249,6060,2026-03-12 17:12:00,7,63,11,53,8,68,4,17,30,201,231,1.75,24.0,30,201,231,0,0,0,"(5255.0, 8000.0]",2026-03-12 17:00:00
250,4260,2026-03-12 17:36:00,4,44,8,37,6,47,2,13,20,141,161,1.15,24.0,20,141,161,0,0,0,"(3680.0, 5255.0]",2026-03-12 17:00:00
251,7560,2026-03-13 08:00:00,8,79,13,66,10,84,4,20,35,249,284,2.25,864.0,35,249,284,0,0,0,"(5255.0, 8000.0]",2026-03-13 08:00:00
252,3260,2026-03-13 08:24:00,3,34,6,28,4,36,2,12,15,110,125,0.9,24.0,15,110,125,0,0,0,"(2099.999, 3680.0]",2026-03-13 08:00:00
253,9190,2026-03-13 08:48:00,11,96,16,81,14,103,6,24,47,304,351,3.1,24.0,47,304,351,0,0,0,"(8000.0, 9600.0]",2026-03-13 08:00:00
254,5290,2026-03-13 09:12:00,6,55,10,46,7,59,3,16,26,176,202,1.6,24.0,26,176,202,0,0,0,"(5255.0, 8000.0]",2026-03-13 09:00:00
255,2690,2026-03-13 09:36:00,2,28,4,23,3,30,1,11,10,92,102,0.8,24.0,10,92,102,0,0,0,"(2099.999, 3680.0]",2026-03-13 09:00:00
256,8090,2026-03-13 10:00:00,9,84,14,71,11,90,5,21,39,266,305,2.5,24.0,39,266,305,0,0,0,"(8000.0, 9600.0]",2026-03-13 10:00:00
257,4490,2026-03-13 10:24:00,5,47,9,40,6,51,2,14,22,152,174,1.25,24.0,22,152,174,0,0,0,"(3680.0, 5255.0]",2026-03-13 10:00:00
258,6290,2026-03-13 10:48:00,7,66,12,55,9,71,4,18,32,210,242,1.85,24.0,32,210,242,0,0,0,"(5255.0, 8000.0]",2026-03-13 10:00:00
259,3690,2026-03-13 11:12:00,4,39,7,32,5,42,2,13,18,126,144,1.05,24.0,18,126,144,0,0,0,"(3680.0, 5255.0]",2026-03-13 11:00:00
260,8590,2026-03-13 11:36:00,10,90,15,75,12,96,5,22,42,283,325,2.75,24.0,42,283,325,0,0,0,"(8000.0, 9600.0]",2026-03-13 11:00:00
261,4990,2026-03-13 12:00:00,5,52,9,44,6,56,3,15,23,167,190,1.45,24.0,23,167,190,0,0,0,"(3680.0, 5255.0]",2026-03-13 12:00:00
262,2420,2026-03-13 12:24:00,2,24,4,20,3,26,1,10,10,80,90,0.7,24.0,10,80,90,0,0,0,"(2099.999, 3680.0]",2026-03-13 12:00:00
263,8860,2026-03-13 12:48:00,9,80,13,67,10,86,4,20,36,253,289,2.3,24.0,36,253,289,0,0,0,"(8000.0, 9600.0]",2026-03-13 12:00:00
264,6090,2026-03-13 13:12:00,4,43,8,36,5,46,2,13,19,138,157,1.15,24.0,19,138,157,0,0,0,"(5255.0, 8000.0]",2026-03-13 13:00:00
265,4290,2026-03-13 13:36:00,12,99,17,84,15,106,6,24,50,313,363,3.25,24.0,50,313,363,0,0,0,"(3680.0, 5255.0]",2026-03-13 13:00:00
266,7590,2026-03-13 14:00:00,3,31,5,26,3,33,1,11,12,101,113,0.85,24.0,12,101,113,0,0,0,"(5255.0, 8000.0]",2026-03-13 14:00:00
267,3290,2026-03-13 14:24:00,8,68,12,57,9,73,4,18,33,216,249,1.95,24.0,33,216,249,0,0,0,"(2099.999, 3680.0]",2026-03-13 14:00:00
268,9220,2026-03-13 14:48:00,5,50,9,42,6,54,3,15,23,161,184,1.35,24.0,23,161,184,0,0,0,"(8000.0, 9600.0]",2026-03-13 14:00:00
269,5320,2026-03-13 15:12:00,10,87,14,73,12,94,5,21,41,275,316,2.65,24.0,41,275,316,0,0,0,"(5255.0, 8000.0]",2026-03-13 15:00:00
270,2720,2026-03-13 15:36:00,2,23,4,19,3,25,1,10,10,77,87,0.65,24.0,10,77,87,0,0,0,"(2099.999, 3680.0]",2026-03-13 15:00:00
271,8120,2026-03-13 16:00:00,8,73,12,61,9,78,4,18,33,230,263,2.05,24.0,33,230,263,0,0,0,"(8000.0, 9600.0]",2026-03-13 16:00:00
272,4520,2026-03-13 16:24:00,3,36,6,30,4,38,2,12,15,116,131,0.95,24.0,15,116,131,0,0,0,"(3680.0, 5255.0]",2026-03-13 16:00:00
273,6320,2026-03-13 16:48:00,11,95,16,80,14,102,6,23,47,300,347,3.05,24.0,47,300,347,0,0,0,"(5255.0, 8000.0]",2026-03-13 16:00:00
274,3720,2026-03-13 17:12:00,6,54,10,46,7,59,3,16,26,175,201,1.6,24.0,26,175,201,0,0,0,"(3680.0, 5255.0]",2026-03-13 17:00:00
275,8620,2026-03-13 17:36:00,2,27,4,23,3,30,1,11,10,91,101,0.8,24.0,10,91,101,0,0,0,"(8000.0, 9600.0]",2026-03-13 17:00:00
276,5020,2026-03-16 08:00:00,9,83,14,70,11,89,5,21,39,263,302,2.5,3744.0,39,263,302,0,0,0,"(3680.0, 5255.0]",2026-03-16 08:00:00
277,2320,2026-03-16 08:24:00,4,46,8,39,6,49,2,14,20,148,168,1.2,24.0,20,148,168,0,0,0,"(2099.999, 3680.0]",2026-03-16 08:00:00
278,7720,2026-03-16 08:48:00,7,65,11,54,9,70,4,17,31,206,237,1.8,24.0,31,206,237,0,0,0,"(5255.0, 8000.0]",2026-03-16 08:00:00
279,4120,2026-03-16 09:12:00,3,38,7,32,4,41,2,13,16,124,140,1.05,24.0,16,124,140,0,0,0,"(3680.0, 5255.0]",2026-03-16 09:00:00
280,9420,2026-03-16 09:36:00,10,89,15,75,12,96,5,22,42,282,324,2.75,24.0,42,282,324,0,0,0,"(8000.0, 9600.0]",2026-03-16 09:00:00
281,2920,2026-03-16 10:00:00,5,51,9,43,6,55,3,15,23,164,187,1.4,24.0,23,164,187,0,0,0,"(2099.999, 3680.0]",2026-03-16 10:00:00
282,6520,2026-03-16 10:24:00,2,24,4,20,3,26,1,10,10,80,90,0.7,24.0,10,80,90,0,0,0,"(5255.0, 8000.0]",2026-03-16 10:00:00
283,4820,2026-03-16 10:48:00,10,91,15,77,13,98,5,23,43,289,332,2.85,24.0,43,289,332,0,0,0,"(3680.0, 5255.0]",2026-03-16 10:00:00
284,8320,2026-03-16 11:12:00,7,62,11,52,8,68,4,17,30,199,229,1.7,24.0,30,199,229,0,0,0,"(8000.0, 9600.0]",2026-03-16 11:00:00
285,2220,2026-03-16 11:36:00,4,44,8,37,6,47,2,13,20,141,161,1.15,24.0,20,141,161,0,0,0,"(2099.999, 3680.0]",2026-03-16 11:00:00
286,7070,2026-03-16 12:00:00,8,78,13,66,10,83,4,19,35,246,281,2.2,24.0,35,246,281,0,0,0,"(5255.0, 8000.0]",2026-03-16 12:00:00
287,3420,2026-03-16 12:24:00,3,33,6,27,4,36,2,12,15,108,123,0.9,24.0,15,108,123,0,0,0,"(2099.999, 3680.0]",2026-03-16 12:00:00
288,9120,2026-03-16 12:48:00,11,95,16,80,14,102,6,23,47,300,347,3.05,24.0,47,300,347,0,0,0,"(8000.0, 9600.0]",2026-03-16 12:00:00
289,5220,2026-03-16 13:12:00,6,55,10,46,7,59,3,16,26,176,202,1.6,24.0,26,176,202,0,0,0,"(3680.0, 5255.0]",2026-03-16 13:00:00
290,2620,2026-03-16 13:36:00,2,27,4,23,3,30,1,11,10,91,101,0.8,24.0,10,91,101,0,0,0,"(2099.999, 3680.0]",2026-03-16 13:00:00
291,8020,2026-03-16 14:00:00,9,84,14,70,11,90,5,21,39,265,304,2.5,24.0,39,265,304,0,0,0,"(8000.0, 9600.0]",2026-03-16 14:00:00
292,4420,2026-03-16 14:24:00,4,46,8,39,6,50,2,14,20,149,169,1.2,24.0,20,149,169,0,0,0,"(3680.0, 5255.0]",2026-03-16 14:00:00
293,6220,2026-03-16 14:48:00,7,65,11,55,9,70,4,17,31,207,238,1.8,24.0,31,207,238,0,0,0,"(5255.0, 8000.0]",2026-03-16 14:00:00
294,3620,2026-03-16 15:12:00,3,38,7,32,4,41,2,13,16,124,140,1.05,24.0,16,124,140,0,0,0,"(2099.999, 3680.0]",2026-03-16 15:00:00
295,8520,2026-03-16 15:36:00,10,89,15,75,12,96,5,22,42,282,324,2.75,24.0,42,282,324,0,0,0,"(8000.0, 9600.0]",2026-03-16 15:00:00
296,4920,2026-03-16 16:00:00,5,51,9,43,6,55,3,15,23,164,187,1.4,24.0,23,164,187,0,0,0,"(3680.0, 5255.0]",2026-03-16 16:00:00
297,2350,2026-03-16 16:24:00,2,24,4,20,3,26,1,10,10,80,90,0.7,24.0,10,80,90,0,0,0,"(2099.999, 3680.0]",2026-03-16 16:00:00
298,8790,2026-03-16 16:48:00,10,92,15,77,13,99,5,23,43,291,334,2.85,24.0,43,291,334,0,0,0,"(8000.0, 9600.0]",2026-03-16 16:00:00
299,6020,2026-03-16 17:12:00,7,63,11,53,8,68,4,17,30,201,231,1.75,24.0,30,201,231,0,0,0,"(5255.0, 8000.0]",2026-03-16 17:00:00
300,4220,2026-03-16 17:36:00,4,44,8,37,6,47,2,13,20,141,161,1.15,24.0,20,141,161,0,0,0,"(3680.0, 5255.0]",2026-03-16 17:00:00
301,7520,2026-03-17 08:00:00,8,79,13,66,10,84,4,20,35,249,284,2.25,864.0,35,249,284,0,0,0,"(5255.0, 8000.0]",2026-03-17 08:00:00
302,3220,2026-03-17 08:24:00,3,34,6,28,4,36,2,12,15,110,125,0.9,24.0,15,110,125,0,0,0,"(2099.999, 3680.0]",2026-03-17 08:00:00
303,9150,2026-03-17 08:48:00,11,96,16,81,14,103,6,24,47,304,351,3.1,24.0,47,304,351,0,0,0,"(8000.0, 9600.0]",2026-03-17 08:00:00
304,5250,2026-03-17 09:12:00,6,55,10,46,7,59,3,16,26,176,202,1.6,24.0,26,176,202,0,0,0,"(3680.0, 5255.0]",2026-03-17 09:00:00
305,2650,2026-03-17 09:36:00,2,28,4,23,3,30,1,11,10,92,102,0.8,24.0,10,92,102,0,0,0,"(2099.999, 3680.0]",2026-03-17 09:00:00
306,8050,2026-03-17 10:00:00,9,84,14,71,11,90,5,21,39,266,305,2.5,24.0,39,266,305,0,0,0,"(8000.0, 9600.0]",2026-03-17 10:00:00
307,4450,2026-03-17 10:24:00,4,47,8,39,6,50,2,14,20,150,170,1.2,24.0,20,150,170,0,0,0,"(3680.0, 5255.0]",2026-03-17 10:00:00
308,6250,2026-03-17 10:48:00,7,65,11,55,9,70,4,17,31,207,238,1.8,24.0,31,207,238,0,0,0,"(5255.0, 8000.0]",2026-03-17 10:00:00
309,3650,2026-03-17 11:12:00,3,38,7,32,4,41,2,13,16,124,140,1.05,24.0,16,124,140,0,0,0,"(2099.999, 3680.0]",2026-03-17 11:00:00
310,8550,2026-03-17 11:36:00,10,89,15,75,12,96,5,22,42,282,324,2.75,24.0,42,282,324,0,0,0,"(8000.0, 9600.0]",2026-03-17 11:00:00
311,4950,2026-03-17 12:00:00,5,52,9,43,6,55,3,15,23,165,188,1.4,24.0,23,165,188,0,0,0,"(3680.0, 5255.0]",2026-03-17 12:00:00
312,2380,2026-03-17 12:24:00,2,25,4,21,3,27,1,10,10,83,93,0.7,24.0,10,83,93,0,0,0,"(2099.999, 3680.0]",2026-03-17 12:00:00
313,8820,2026-03-17 12:48:00,10,92,15,77,13,99,5,23,43,291,334,2.85,24.0,43,291,334,0,0,0,"(8000.0, 9600.0]",2026-03-17 12:00:00
314,6050,2026-03-17 13:12:00,7,63,11,53,8,68,4,17,30,201,231,1.75,24.0,30,201,231,0,0,0,"(5255.0, 8000.0]",2026-03-17 13:00:00
315,4250,2026-03-17 13:36:00,4,44,8,37,6,47,2,13,20,141,161,1.15,24.0,20,141,161,0,0,0,"(3680.0, 5255.0]",2026-03-17 13:00:00
316,7550,2026-03-17 14:00:00,8,79,13,66,10,84,4,20,35,249,284,2.25,24.0,35,249,284,0,0,0,"(5255.0, 8000.0]",2026-03-17 14:00:00
317,3250,2026-03-17 14:24:00,3,34,6,28,4,36,2,12,15,110,125,0.9,24.0,15,110,125,0,0,0,"(2099.999, 3680.0]",2026-03-17 14:00:00
318,9180,2026-03-17 14:48:00,11,96,16,81,14,103,6,24,47,304,351,3.1,24.0,47,304,351,0,0,0,"(8000.0, 9600.0]",2026-03-17 14:00:00
319,5280,2026-03-17 15:12:00,6,55,10,46,7,59,3,16,26,176,202,1.6,24.0,26,176,202,0,0,0,"(5255.0, 8000.0]",2026-03-17 15:00:00
320,2680,2026-03-17 15:36:00,2,28,4,23,3,30,1,11,10,92,102,0.8,24.0,10,92,102,0,0,0,"(2099.999, 3680.0]",2026-03-17 15:00:00
321,8080,2026-03-17 16:00:00,9,84,14,71,11,90,5,21,39,266,305,2.5,24.0,39,266,305,0,0,0,"(8000.0, 9600.0]",2026-03-17 16:00:00
322,4480,2026-03-17 16:24:00,5,47,9,40,6,51,2,14,22,152,174,1.25,24.0,22,152,174,0,0,0,"(3680.0, 5255.0]",2026-03-17 16:00:00
323,6280,2026-03-17 16:48:00,7,66,12,55,9,71,4,18,32,210,242,1.85,24.0,32,210,242,0,0,0,"(5255.0, 8000.0]",2026-03-17 16:00:00
324,3680,2026-03-17 17:12:00,4,39,7,32,5,42,2,13,18,126,144,1.05,24.0,18,126,144,0,0,0,"(2099.999, 3680.0]",2026-03-17 17:00:00
325,8580,2026-03-17 17:36:00,10,90,15,75,12,96,5,22,42,283,325,2.75,24.0,42,283,325,0,0,0,"(8000.0, 9600.0]",2026-03-17 17:00:00
326,4980,2026-03-18 08:00:00,5,52,9,44,6,56,3,15,23,167,190,1.45,864.0,23,167,190,0,0,0,"(3680.0, 5255.0]",2026-03-18 08:00:00
327,2410,2026-03-18 08:24:00,2,24,4,20,3,26,1,10,10,80,90,0.7,24.0,10,80,90,0,0,0,"(2099.999, 3680.0]",2026-03-18 08:00:00
328,8850,2026-03-18 08:48:00,9,80,13,67,10,86,4,20,36,253,289,2.3,24.0,36,253,289,0,0,0,"(8000.0, 9600.0]",2026-03-18 08:00:00
329,6080,2026-03-18 09:12:00,4,43,8,36,5,46,2,13,19,138,157,1.15,24.0,19,138,157,0,0,0,"(5255.0, 8000.0]",2026-03-18 09:00:00
330,4280,2026-03-18 09:36:00,12,99,17,84,15,106,6,24,50,313,363,3.25,24.0,50,313,363,0,0,0,"(3680.0, 5255.0]",2026-03-18 09:00:00
331,7580,2026-03-18 10:00:00,3,31,5,26,3,33,1,11,12,101,113,0.85,24.0,12,101,113,0,0,0,"(5255.0, 8000.0]",2026-03-18 10:00:00
332,3280,2026-03-18 10:24:00,8,68,12,57,9,73,4,18,33,216,249,1.95,24.0,33,216,249,0,0,0,"(2099.999, 3680.0]",2026-03-18 10:00:00
333,9210,2026-03-18 10:48:00,5,50,9,42,6,54,3,15,23,161,184,1.35,24.0,23,161,184,0,0,0,"(8000.0, 9600.0]",2026-03-18 10:00:00
334,5310,2026-03-18 11:12:00,10,87,14,73,12,94,5,21,41,275,316,2.65,24.0,41,275,316,0,0,0,"(5255.0, 8000.0]",2026-03-18 11:00:00
335,2710,2026-03-18 11:36:00,2,23,4,19,3,25,1,10,10,77,87,0.65,24.0,10,77,87,0,0,0,"(2099.999, 3680.0]",2026-03-18 11:00:00
336,8110,2026-03-18 12:00:00,8,73,12,61,9,78,4,18,33,230,263,2.05,24.0,33,230,263,0,0,0,"(8000.0, 9600.0]",2026-03-18 12:00:00
337,4510,2026-03-18 12:24:00,3,36,6,30,4,38,2,12,15,116,131,0.95,24.0,15,116,131,0,0,0,"(3680.0, 5255.0]",2026-03-18 12:00:00
338,6310,2026-03-18 12:48:00,11,95,16,80,14,102,6,23,47,300,347,3.05,24.0,47,300,347,0,0,0,"(5255.0, 8000.0]",2026-03-18 12:00:00
339,3710,2026-03-18 13:12:00,6,54,10,46,7,59,3,16,26,175,201,1.6,24.0,26,175,201,0,0,0,"(3680.0, 5255.0]",2026-03-18 13:00:00
340,8610,2026-03-18 13:36:00,2,27,4,23,3,30,1,11,10,91,101,0.8,24.0,10,91,101,0,0,0,"(8000.0, 9600.0]",2026-03-18 13:00:00
341,5010,2026-03-18 14:00:00,9,83,14,70,11,89,5,21,39,263,302,2.5,24.0,39,263,302,0,0,0,"(3680.0, 5255.0]",2026-03-18 14:00:00
342,2310,2026-03-18 14:24:00,4,46,8,39,6,49,2,14,20,148,168,1.2,24.0,20,148,168,0,0,0,"(2099.999, 3680.0]",2026-03-18 14:00:00
343,7710,2026-03-18 14:48:00,7,65,11,54,9,70,4,17,31,206,237,1.8,24.0,31,206,237,0,0,0,"(5255.0, 8000.0]",2026-03-18 14:00:00
344,4110,2026-03-18 15:12:00,3,38,7,32,4,41,2,13,16,124,140,1.05,24.0,16,124,140,0,0,0,"(3680.0, 5255.0]",2026-03-18 15:00:00
345,9410,2026-03-18 15:36:00,10,89,15,75,12,96,5,22,42,282,324,2.75,24.0,42,282,324,0,0,0,"(8000.0, 9600.0]",2026-03-18 15:00:00
346,2910,2026-03-18 16:00:00,5,51,9,43,6,55,3,15,23,164,187,1.4,24.0,23,164,187,0,0,0,"(2099.999, 3680.0]",2026-03-18 16:00:00
347,6510,2026-03-18 16:24:00,2,24,4,20,3,26,1,10,10,80,90,0.7,24.0,10,80,90,0,0,0,"(5255.0, 8000.0]",2026-03-18 16:00:00
348,4810,2026-03-18 16:48:00,10,91,15,77,13,98,5,23,43,289,332,2.85,24.0,43,289,332,0,0,0,"(3680.0, 5255.0]",2026-03-18 16:00:00
349,8310,2026-03-18 17:12:00,7,62,11,52,8,68,4,17,30,199,229,1.7,24.0,30,199,229,0,0,0,"(8000.0, 9600.0]",2026-03-18 17:00:00
350,2210,2026-03-18 17:36:00,4,44,8,37,6,47,2,13,20,141,161,1.15,24.0,20,141,161,0,0,0,"(2099.999, 3680.0]",2026-03-18 17:00:00
